"","Seq","AOU","Order","Family","Genus","Species"
"1","6","01770","Anseriformes","Anatidae","Dendrocygna","autumnalis"
"2","7","01780","Anseriformes","Anatidae","Dendrocygna","bicolor"
"3","8","01760","Anseriformes","Anatidae","Anser","canagicus"
"4","9","01690","Anseriformes","Anatidae","Anser","caerulescens"
"5","10","01691","Anseriformes","Anatidae","Anser","caerulescens(blueform)"
"6","11","01700","Anseriformes","Anatidae","Anser","rossii"
"7","13","01710","Anseriformes","Anatidae","Anser","albifrons"
"8","18","01730","Anseriformes","Anatidae","Branta","bernicla"
"9","19","01740","Anseriformes","Anatidae","Branta","berniclanigricans"
"10","21","01725","Anseriformes","Anatidae","Branta","hutchinsii"
"11","22","01720","Anseriformes","Anatidae","Branta","canadensis"
"12","23","01782","Anseriformes","Anatidae","Cygnus","olor"
"13","24","01810","Anseriformes","Anatidae","Cygnus","buccinator"
"14","25","01800","Anseriformes","Anatidae","Cygnus","columbianus"
"15","27","20630","Anseriformes","Anatidae","Alopochen","aegyptiaca"
"16","28","10210","Anseriformes","Anatidae","Cairina","moschata"
"17","29","01440","Anseriformes","Anatidae","Aix","sponsa"
"18","32","01400","Anseriformes","Anatidae","Spatula","discors"
"19","33","01410","Anseriformes","Anatidae","Spatula","cyanoptera"
"20","34","01420","Anseriformes","Anatidae","Spatula","clypeata"
"21","35","01350","Anseriformes","Anatidae","Mareca","strepera"
"22","37","01360","Anseriformes","Anatidae","Mareca","penelope"
"23","38","01370","Anseriformes","Anatidae","Mareca","americana"
"24","40","01320","Anseriformes","Anatidae","Anas","platyrhynchos"
"25","41","01331","Anseriformes","Anatidae","Anas","diazi"
"26","42","01330","Anseriformes","Anatidae","Anas","rubripes"
"27","43","01340","Anseriformes","Anatidae","Anas","fulvigula"
"28","44","01326","Anseriformes","Anatidae","Anas","platyrhynchosxdiazixrubripesorfulvigula"
"29","46","01430","Anseriformes","Anatidae","Anas","acuta"
"30","47","01390","Anseriformes","Anatidae","Anas","crecca"
"31","48","01470","Anseriformes","Anatidae","Aythya","valisineria"
"32","49","01460","Anseriformes","Anatidae","Aythya","americana"
"33","51","01500","Anseriformes","Anatidae","Aythya","collaris"
"34","52","01491","Anseriformes","Anatidae","Aythya","fuligula"
"35","53","01480","Anseriformes","Anatidae","Aythya","marila"
"36","54","01490","Anseriformes","Anatidae","Aythya","affinis"
"37","55","01489","Anseriformes","Anatidae","Aythya","marila/affinis"
"38","56","01570","Anseriformes","Anatidae","Polysticta","stelleri"
"39","57","01580","Anseriformes","Anatidae","Somateria","fischeri"
"40","58","01620","Anseriformes","Anatidae","Somateria","spectabilis"
"41","59","01590","Anseriformes","Anatidae","Somateria","mollissima"
"42","60","01550","Anseriformes","Anatidae","Histrionicus","histrionicus"
"43","61","01660","Anseriformes","Anatidae","Melanitta","perspicillata"
"44","62","01650","Anseriformes","Anatidae","Melanitta","deglandi"
"45","65","01630","Anseriformes","Anatidae","Melanitta","americana"
"46","66","01657","Anseriformes","Anatidae","Melanitta","sp."
"47","67","01540","Anseriformes","Anatidae","Clangula","hyemalis"
"48","68","01530","Anseriformes","Anatidae","Bucephala","albeola"
"49","69","01510","Anseriformes","Anatidae","Bucephala","clangula"
"50","70","01520","Anseriformes","Anatidae","Bucephala","islandica"
"51","71","01512","Anseriformes","Anatidae","Bucephala","clangula/islandica"
"52","73","01310","Anseriformes","Anatidae","Lophodytes","cucullatus"
"53","74","01290","Anseriformes","Anatidae","Mergus","merganser"
"54","75","01300","Anseriformes","Anatidae","Mergus","serrator"
"55","77","01670","Anseriformes","Anatidae","Oxyura","jamaicensis"
"56","78","03110","Galliformes","Cracidae","Ortalis","vetula"
"57","86","02920","Galliformes","Odontophoridae","Oreortyx","pictus"
"58","91","02890","Galliformes","Odontophoridae","Colinus","virginianus"
"59","93","02930","Galliformes","Odontophoridae","Callipepla","squamata"
"60","95","02940","Galliformes","Odontophoridae","Callipepla","californica"
"61","96","02950","Galliformes","Odontophoridae","Callipepla","gambelii"
"62","97","02960","Galliformes","Odontophoridae","Cyrtonyx","montezumae"
"63","101","03100","Galliformes","Phasianidae","Meleagris","gallopavo"
"64","103","03000","Galliformes","Phasianidae","Bonasa","umbellus"
"65","104","02980","Galliformes","Phasianidae","Falcipennis","canadensis"
"66","105","03010","Galliformes","Phasianidae","Lagopus","lagopus"
"67","106","03020","Galliformes","Phasianidae","Lagopus","muta"
"68","107","03040","Galliformes","Phasianidae","Lagopus","leucura"
"69","108","03090","Galliformes","Phasianidae","Centrocercus","urophasianus"
"70","109","03089","Galliformes","Phasianidae","Centrocercus","minimus"
"71","110","02970","Galliformes","Phasianidae","Dendragapus","obscurus"
"72","111","02971","Galliformes","Phasianidae","Dendragapus","fuliginosus"
"73","112","02973","Galliformes","Phasianidae","Dendragapus","obscurus/fuliginosus"
"74","113","03080","Galliformes","Phasianidae","Tympanuchus","phasianellus"
"75","114","03050","Galliformes","Phasianidae","Tympanuchus","cupido"
"76","115","03070","Galliformes","Phasianidae","Tympanuchus","pallidicinctus"
"77","116","02881","Galliformes","Phasianidae","Perdix","perdix"
"78","117","03091","Galliformes","Phasianidae","Phasianus","colchicus"
"79","118","03095","Galliformes","Phasianidae","Pavo","cristatus"
"80","121","02882","Galliformes","Phasianidae","Alectoris","chukar"
"81","123","00050","Podicipediformes","Podicipedidae","Tachybaptus","dominicus"
"82","124","00060","Podicipediformes","Podicipedidae","Podilymbus","podiceps"
"83","125","00030","Podicipediformes","Podicipedidae","Podiceps","auritus"
"84","126","00020","Podicipediformes","Podicipedidae","Podiceps","grisegena"
"85","127","00040","Podicipediformes","Podicipedidae","Podiceps","nigricollis"
"86","128","00010","Podicipediformes","Podicipedidae","Aechmophorus","occidentalis"
"87","129","00011","Podicipediformes","Podicipedidae","Aechmophorus","clarkii"
"88","130","00012","Podicipediformes","Podicipedidae","Aechmophorus","occidentalis/clarkii"
"89","131","03131","Columbiformes","Columbidae","Columba","livia"
"90","135","03140","Columbiformes","Columbidae","Patagioenas","leucocephala"
"91","136","03130","Columbiformes","Columbidae","Patagioenas","flavirostris"
"92","137","03120","Columbiformes","Columbidae","Patagioenas","fasciata"
"93","140","03152","Columbiformes","Columbidae","Streptopelia","roseogrisea"
"94","142","22860","Columbiformes","Columbidae","Streptopelia","decaocto"
"95","143","03151","Columbiformes","Columbidae","Streptopelia","chinensis"
"96","144","03210","Columbiformes","Columbidae","Columbina","inca"
"97","145","03200","Columbiformes","Columbidae","Columbina","passerina"
"98","147","03201","Columbiformes","Columbidae","Columbina","talpacoti"
"99","152","03180","Columbiformes","Columbidae","Leptotila","verreauxi"
"100","158","03190","Columbiformes","Columbidae","Zenaida","asiatica"
"101","160","03160","Columbiformes","Columbidae","Zenaida","macroura"
"102","162","03830","Cuculiformes","Cuculidae","Crotophaga","ani"
"103","163","03840","Cuculiformes","Cuculidae","Crotophaga","sulcirostris"
"104","168","03850","Cuculiformes","Cuculidae","Geococcyx","californianus"
"105","173","03870","Cuculiformes","Cuculidae","Coccyzus","americanus"
"106","174","03860","Cuculiformes","Cuculidae","Coccyzus","minor"
"107","175","03880","Cuculiformes","Cuculidae","Coccyzus","erythropthalmus"
"108","176","03875","Cuculiformes","Cuculidae","Coccyzus","americanus/erythropthalmus"
"109","178","04210","Caprimulgiformes","Caprimulgidae","Chordeiles","acutipennis"
"110","179","04200","Caprimulgiformes","Caprimulgidae","Chordeiles","minor"
"111","180","04201","Caprimulgiformes","Caprimulgidae","Chordeiles","gundlachii"
"112","181","04205","Caprimulgiformes","Caprimulgidae","Chordeiles","acutipennis/minor"
"113","182","04206","Caprimulgiformes","Caprimulgidae","Chordeiles","minor/gundlachii"
"114","183","04190","Caprimulgiformes","Caprimulgidae","Nyctidromus","albicollis"
"115","184","04180","Caprimulgiformes","Caprimulgidae","Phalaenoptilus","nuttallii"
"116","187","04160","Caprimulgiformes","Caprimulgidae","Antrostomus","carolinensis"
"117","191","04171","Caprimulgiformes","Caprimulgidae","Antrostomus","vociferus"
"118","192","04172","Caprimulgiformes","Caprimulgidae","Antrostomus","arizonae"
"119","197","04220","Apodiformes","Apodidae","Cypseloides","niger"
"120","202","04230","Apodiformes","Apodidae","Chaetura","pelagica"
"121","203","04240","Apodiformes","Apodidae","Chaetura","vauxi"
"122","207","04250","Apodiformes","Apodidae","Aeronautes","saxatalis"
"123","220","04260","Apodiformes","Trochilidae","Eugenes","fulgens"
"124","225","04270","Apodiformes","Trochilidae","Lampornis","clemenciae"
"125","230","04370","Apodiformes","Trochilidae","Calothorax","lucifer"
"126","232","04280","Apodiformes","Trochilidae","Archilochus","colubris"
"127","233","04290","Apodiformes","Trochilidae","Archilochus","alexandri"
"128","234","04295","Apodiformes","Trochilidae","Archilochus","colubris/alexandri"
"129","236","04310","Apodiformes","Trochilidae","Calypte","anna"
"130","237","04300","Apodiformes","Trochilidae","Calypte","costae"
"131","238","04360","Apodiformes","Trochilidae","Selasphorus","calliope"
"132","239","04330","Apodiformes","Trochilidae","Selasphorus","rufus"
"133","240","04340","Apodiformes","Trochilidae","Selasphorus","sasin"
"134","241","04335","Apodiformes","Trochilidae","Selasphorus","rufus/sasin"
"135","242","04402","Apodiformes","Trochilidae","Trochilid","sp."
"136","243","04320","Apodiformes","Trochilidae","Selasphorus","platycercus"
"137","247","04410","Apodiformes","Trochilidae","Cynanthus","latirostris"
"138","263","04391","Apodiformes","Trochilidae","Leucolia","violiceps"
"139","269","04390","Apodiformes","Trochilidae","Amazilia","yucatanensis"
"140","278","02111","Gruiformes","Rallidae","Rallus","obsoletus"
"141","279","02110","Gruiformes","Rallidae","Rallus","crepitans"
"142","281","02080","Gruiformes","Rallidae","Rallus","elegans"
"143","282","02090","Gruiformes","Rallidae","Rallus","crepitans/elegans"
"144","283","02120","Gruiformes","Rallidae","Rallus","limicola"
"145","285","02140","Gruiformes","Rallidae","Porzana","carolina"
"146","286","02190","Gruiformes","Rallidae","Gallinula","galeata"
"147","289","02210","Gruiformes","Rallidae","Fulica","americana"
"148","290","02180","Gruiformes","Rallidae","Porphyrio","martinicus"
"149","291","21930","Gruiformes","Rallidae","Porphyrio","porphyrio"
"150","292","02150","Gruiformes","Rallidae","Coturnicops","noveboracensis"
"151","296","02160","Gruiformes","Rallidae","Laterallus","jamaicensis"
"152","298","02070","Gruiformes","Aramidae","Aramus","guarauna"
"153","299","02060","Gruiformes","Gruidae","Antigone","canadensis"
"154","301","02040","Gruiformes","Gruidae","Grus","americana"
"155","304","02260","Charadriiformes","Recurvirostridae","Himantopus","mexicanus"
"156","305","02250","Charadriiformes","Recurvirostridae","Recurvirostra","americana"
"157","307","02860","Charadriiformes","Haematopodidae","Haematopus","palliatus"
"158","308","02870","Charadriiformes","Haematopodidae","Haematopus","bachmani"
"159","311","02700","Charadriiformes","Charadriidae","Pluvialis","squatarola"
"160","313","02720","Charadriiformes","Charadriidae","Pluvialis","dominica"
"161","314","02721","Charadriiformes","Charadriidae","Pluvialis","fulva"
"162","316","02730","Charadriiformes","Charadriidae","Charadrius","vociferus"
"163","317","02750","Charadriiformes","Charadriidae","Charadrius","hiaticula"
"164","318","02740","Charadriiformes","Charadriidae","Charadrius","semipalmatus"
"165","319","02770","Charadriiformes","Charadriidae","Charadrius","melodus"
"166","323","02800","Charadriiformes","Charadriidae","Charadrius","wilsonia"
"167","325","02810","Charadriiformes","Charadriidae","Charadrius","montanus"
"168","326","02780","Charadriiformes","Charadriidae","Charadrius","nivosus"
"169","328","02610","Charadriiformes","Scolopacidae","Bartramia","longicauda"
"170","329","02680","Charadriiformes","Scolopacidae","Numenius","tahitiensis"
"171","330","02650","Charadriiformes","Scolopacidae","Numenius","phaeopus"
"172","332","02640","Charadriiformes","Scolopacidae","Numenius","americanus"
"173","336","02500","Charadriiformes","Scolopacidae","Limosa","lapponica"
"174","338","02510","Charadriiformes","Scolopacidae","Limosa","haemastica"
"175","339","02490","Charadriiformes","Scolopacidae","Limosa","fedoa"
"176","340","02830","Charadriiformes","Scolopacidae","Arenaria","interpres"
"177","341","02840","Charadriiformes","Scolopacidae","Arenaria","melanocephala"
"178","343","02340","Charadriiformes","Scolopacidae","Calidris","canutus"
"179","344","02820","Charadriiformes","Scolopacidae","Calidris","virgata"
"180","345","02600","Charadriiformes","Scolopacidae","Calidris","pugnax"
"181","347","02380","Charadriiformes","Scolopacidae","Calidris","acuminata"
"182","348","02330","Charadriiformes","Scolopacidae","Calidris","himantopus"
"183","353","02422","Charadriiformes","Scolopacidae","Calidris","ruficollis"
"184","354","02480","Charadriiformes","Scolopacidae","Calidris","alba"
"185","355","02430","Charadriiformes","Scolopacidae","Calidris","alpina"
"186","356","02356","Charadriiformes","Scolopacidae","Calidris","ptilocnemis"
"187","357","02350","Charadriiformes","Scolopacidae","Calidris","maritima"
"188","358","02410","Charadriiformes","Scolopacidae","Calidris","bairdii"
"189","360","02420","Charadriiformes","Scolopacidae","Calidris","minutilla"
"190","361","02400","Charadriiformes","Scolopacidae","Calidris","fuscicollis"
"191","362","02620","Charadriiformes","Scolopacidae","Calidris","subruficollis"
"192","363","02390","Charadriiformes","Scolopacidae","Calidris","melanotos"
"193","364","02460","Charadriiformes","Scolopacidae","Calidris","pusilla"
"194","365","02470","Charadriiformes","Scolopacidae","Calidris","mauri"
"195","366","02429","Charadriiformes","Scolopacidae","Calidris","sp."
"196","367","02310","Charadriiformes","Scolopacidae","Limnodromus","griseus"
"197","368","02320","Charadriiformes","Scolopacidae","Limnodromus","scolopaceus"
"198","369","02327","Charadriiformes","Scolopacidae","Limnodromus","griseus/scolopaceus"
"199","372","02280","Charadriiformes","Scolopacidae","Scolopax","minor"
"200","376","02300","Charadriiformes","Scolopacidae","Gallinago","delicata"
"201","378","02631","Charadriiformes","Scolopacidae","Actitis","hypoleucos"
"202","379","02630","Charadriiformes","Scolopacidae","Actitis","macularius"
"203","381","02560","Charadriiformes","Scolopacidae","Tringa","solitaria"
"204","383","02590","Charadriiformes","Scolopacidae","Tringa","incana"
"205","384","02550","Charadriiformes","Scolopacidae","Tringa","flavipes"
"206","385","02555","Charadriiformes","Scolopacidae","Tringa","melanoleuca/flavipes"
"207","386","02580","Charadriiformes","Scolopacidae","Tringa","semipalmata"
"208","388","02530","Charadriiformes","Scolopacidae","Tringa","nebularia"
"209","389","02540","Charadriiformes","Scolopacidae","Tringa","melanoleuca"
"210","393","02240","Charadriiformes","Scolopacidae","Phalaropus","tricolor"
"211","394","02230","Charadriiformes","Scolopacidae","Phalaropus","lobatus"
"212","395","02220","Charadriiformes","Scolopacidae","Phalaropus","fulicarius"
"213","399","00360","Charadriiformes","Stercorariidae","Stercorarius","pomarinus"
"214","400","00370","Charadriiformes","Stercorariidae","Stercorarius","parasiticus"
"215","401","00380","Charadriiformes","Stercorariidae","Stercorarius","longicaudus"
"216","403","00300","Charadriiformes","Alcidae","Uria","aalge"
"217","404","00310","Charadriiformes","Alcidae","Uria","lomvia"
"218","405","00315","Charadriiformes","Laridae","Uria","aalge/lomvia"
"219","406","00320","Charadriiformes","Alcidae","Alca","torda"
"220","407","00270","Charadriiformes","Alcidae","Cepphus","grylle"
"221","408","00290","Charadriiformes","Alcidae","Cepphus","columba"
"222","410","00230","Charadriiformes","Alcidae","Brachyramphus","marmoratus"
"223","411","00240","Charadriiformes","Alcidae","Brachyramphus","brevirostris"
"224","415","00210","Charadriiformes","Alcidae","Synthliboramphus","antiquus"
"225","416","00160","Charadriiformes","Alcidae","Ptychoramphus","aleuticus"
"226","421","00150","Charadriiformes","Alcidae","Cerorhinca","monocerata"
"227","423","00140","Charadriiformes","Alcidae","Fratercula","corniculata"
"228","424","00120","Charadriiformes","Alcidae","Fratercula","cirrhata"
"229","426","00400","Charadriiformes","Laridae","Rissa","tridactyla"
"230","429","00620","Charadriiformes","Laridae","Xema","sabini"
"231","430","00600","Charadriiformes","Laridae","Chroicocephalus","philadelphia"
"232","432","00551","Charadriiformes","Laridae","Chroicocephalus","ridibundus"
"233","433","00601","Charadriiformes","Laridae","Hydrocoloeus","minutus"
"234","434","00610","Charadriiformes","Laridae","Rhodostethia","rosea"
"235","436","00580","Charadriiformes","Laridae","Leucophaeus","atricilla"
"236","437","00590","Charadriiformes","Laridae","Leucophaeus","pipixcan"
"237","440","00570","Charadriiformes","Laridae","Larus","heermanni"
"238","441","00550","Charadriiformes","Laridae","Larus","canus"
"239","442","00540","Charadriiformes","Laridae","Larus","delawarensis"
"240","443","00490","Charadriiformes","Laridae","Larus","occidentalis"
"241","445","00530","Charadriiformes","Laridae","Larus","californicus"
"242","446","00510","Charadriiformes","Laridae","Larus","argentatus"
"243","448","00430","Charadriiformes","Laridae","Larus","glaucoides"
"244","449","00500","Charadriiformes","Laridae","Larus","fuscus"
"245","450","00480","Charadriiformes","Laridae","Larus","schistisagus"
"246","451","00440","Charadriiformes","Laridae","Larus","glaucescens"
"247","452","00495","Charadriiformes","Laridae","Larus","occidentalisxglaucescens"
"248","453","00420","Charadriiformes","Laridae","Larus","hyperboreus"
"249","454","00470","Charadriiformes","Laridae","Larus","marinus"
"250","456","00534","Charadriiformes","Laridae","Gull","sp."
"251","463","00730","Charadriiformes","Laridae","Onychoprion","aleuticus"
"252","464","00740","Charadriiformes","Laridae","Sternula","antillarum"
"253","466","00630","Charadriiformes","Laridae","Gelochelidon","nilotica"
"254","467","00640","Charadriiformes","Laridae","Hydroprogne","caspia"
"255","468","00770","Charadriiformes","Laridae","Chlidonias","niger"
"256","471","00720","Charadriiformes","Laridae","Sterna","dougallii"
"257","472","00700","Charadriiformes","Laridae","Sterna","hirundo"
"258","473","00710","Charadriiformes","Laridae","Sterna","paradisaea"
"259","474","00690","Charadriiformes","Laridae","Sterna","forsteri"
"260","475","00650","Charadriiformes","Laridae","Thalasseus","maximus"
"261","476","00670","Charadriiformes","Laridae","Thalasseus","sandvicensis"
"262","477","00660","Charadriiformes","Laridae","Thalasseus","elegans"
"263","478","00634","Charadriiformes","Laridae","Tern","sp."
"264","479","00800","Charadriiformes","Laridae","Rynchops","niger"
"265","482","01130","Phaethontiformes","Phaethontidae","Phaethon","aethereus"
"266","484","00110","Gaviiformes","Gaviidae","Gavia","stellata"
"267","485","00090","Gaviiformes","Gaviidae","Gavia","arctica"
"268","486","00100","Gaviiformes","Gaviidae","Gavia","pacifica"
"269","487","00070","Gaviiformes","Gaviidae","Gavia","immer"
"270","488","00080","Gaviiformes","Gaviidae","Gavia","adamsii"
"271","489","00077","Gaviiformes","Gaviidae","Gavia","sp."
"272","506","01060","Procellariiformes","Hydrobatidae","Hydrobates","leucorhous"
"273","516","00860","Procellariiformes","Procellariidae","Fulmarus","glacialis"
"274","538","00880","Procellariiformes","Procellariidae","Calonectris","diomedea"
"275","549","00900","Procellariiformes","Procellariidae","Puffinus","puffinus"
"276","556","01880","Ciconiiformes","Ciconiidae","Mycteria","americana"
"277","558","01280","Suliformes","Fregatidae","Fregata","magnificens"
"278","560","01140","Suliformes","Sulidae","Sula","dactylatra"
"279","562","01141","Suliformes","Sulidae","Sula","nebouxii"
"280","563","01150","Suliformes","Sulidae","Sula","leucogaster"
"281","565","01170","Suliformes","Sulidae","Morus","bassanus"
"282","566","01180","Suliformes","Anhingidae","Anhinga","anhinga"
"283","567","01220","Suliformes","Phalacrocoracidae","Phalacrocorax","penicillatus"
"284","569","01230","Suliformes","Phalacrocoracidae","Phalacrocorax","pelagicus"
"285","570","01207","Suliformes","Phalacrocoracidae","Phalacrocorax","sp."
"286","571","01190","Suliformes","Phalacrocoracidae","Phalacrocorax","carbo"
"287","572","01206","Suliformes","Phalacrocoracidae","Phalacrocorax","auritus/carbo"
"288","573","01200","Suliformes","Phalacrocoracidae","Phalacrocorax","auritus"
"289","574","01205","Suliformes","Phalacrocoracidae","Phalacrocorax","brasilianus/auritus"
"290","575","01210","Suliformes","Phalacrocoracidae","Phalacrocorax","brasilianus"
"291","576","01250","Pelecaniformes","Pelecanidae","Pelecanus","erythrorhynchos"
"292","577","01260","Pelecaniformes","Pelecanidae","Pelecanus","occidentalis"
"293","579","01900","Pelecaniformes","Ardeidae","Botaurus","lentiginosus"
"294","581","01910","Pelecaniformes","Ardeidae","Ixobrychus","exilis"
"295","583","01940","Pelecaniformes","Ardeidae","Ardea","herodias"
"296","584","01920","Pelecaniformes","Ardeidae","Ardea","herodiasoccidentalis"
"297","586","01960","Pelecaniformes","Ardeidae","Ardea","alba"
"298","589","01961","Pelecaniformes","Ardeidae","Egretta","garzetta"
"299","591","01970","Pelecaniformes","Ardeidae","Egretta","thula"
"300","592","02000","Pelecaniformes","Ardeidae","Egretta","caerulea"
"301","593","01990","Pelecaniformes","Ardeidae","Egretta","tricolor"
"302","594","01980","Pelecaniformes","Ardeidae","Egretta","rufescens"
"303","595","02001","Pelecaniformes","Ardeidae","Bubulcus","ibis"
"304","597","02010","Pelecaniformes","Ardeidae","Butorides","virescens"
"305","600","02020","Pelecaniformes","Ardeidae","Nycticorax","nycticorax"
"306","601","02030","Pelecaniformes","Ardeidae","Nyctanassa","violacea"
"307","602","02035","Pelecaniformes","Ardeidae","Nycticorax/Nyctanassa","nycticorax/violacea"
"308","604","01945","Pelecaniformes","Ardeidae","Ardeid","sp."
"309","605","01840","Pelecaniformes","Threskiornithidae","Eudocimus","albus"
"310","607","01860","Pelecaniformes","Threskiornithidae","Plegadis","falcinellus"
"311","608","01870","Pelecaniformes","Threskiornithidae","Plegadis","chihi"
"312","609","01861","Pelecaniformes","Threskiornithidae","Plegadis","falcinellus/chihi"
"313","610","01830","Pelecaniformes","Threskiornithidae","Platalea","ajaja"
"314","611","03240","Cathartiformes","Cathartidae","Gymnogyps","californianus"
"315","613","03260","Cathartiformes","Cathartidae","Coragyps","atratus"
"316","614","03250","Cathartiformes","Cathartidae","Cathartes","aura"
"317","615","03255","Cathartiformes","Cathartidae","Coragyps/Cathartes","atratus/aura"
"318","617","03640","Accipitriformes","Pandionidae","Pandion","haliaetus"
"319","618","03280","Accipitriformes","Accipitridae","Elanus","leucurus"
"320","619","03271","Accipitriformes","Accipitridae","Chondrohierax","uncinatus"
"321","621","03270","Accipitriformes","Accipitridae","Elanoides","forficatus"
"322","624","03490","Accipitriformes","Accipitridae","Aquila","chrysaetos"
"323","629","03310","Accipitriformes","Accipitridae","Circus","hudsonius"
"324","631","03320","Accipitriformes","Accipitridae","Accipiter","striatus"
"325","632","03330","Accipitriformes","Accipitridae","Accipiter","cooperii"
"326","634","03340","Accipitriformes","Accipitridae","Accipiter","gentilis"
"327","635","03333","Accipitriformes","Accipitridae","Accipiter","sp."
"328","637","03520","Accipitriformes","Accipitridae","Haliaeetus","leucocephalus"
"329","640","03290","Accipitriformes","Accipitridae","Ictinia","mississippiensis"
"330","644","03300","Accipitriformes","Accipitridae","Rostrhamus","sociabilis"
"331","645","03450","Accipitriformes","Accipitridae","Buteogallus","anthracinus"
"332","649","03350","Accipitriformes","Accipitridae","Parabuteo","unicinctus"
"333","650","03410","Accipitriformes","Accipitridae","Geranoaetus","albicaudatus"
"334","652","03460","Accipitriformes","Accipitridae","Buteo","plagiatus"
"335","653","03390","Accipitriformes","Accipitridae","Buteo","lineatus"
"336","654","03430","Accipitriformes","Accipitridae","Buteo","platypterus"
"337","655","03440","Accipitriformes","Accipitridae","Buteo","brachyurus"
"338","656","03420","Accipitriformes","Accipitridae","Buteo","swainsoni"
"339","657","03400","Accipitriformes","Accipitridae","Buteo","albonotatus"
"340","658","03370","Accipitriformes","Accipitridae","Buteo","jamaicensis"
"341","659","03380","Accipitriformes","Accipitridae","Buteo","jamaicensisharlani"
"342","660","03470","Accipitriformes","Accipitridae","Buteo","lagopus"
"343","661","03480","Accipitriformes","Accipitridae","Buteo","regalis"
"344","662","03451","Accipitriformes","Accipitridae","Buteo","sp."
"345","663","03650","Strigiformes","Tytonidae","Tyto","alba"
"346","665","03740","Strigiformes","Strigidae","Psiloscops","flammeolus"
"347","666","03731","Strigiformes","Strigidae","Megascops","trichopsis"
"348","669","03732","Strigiformes","Strigidae","Megascops","kennicottii"
"349","670","03730","Strigiformes","Strigidae","Megascops","asio"
"350","675","03750","Strigiformes","Strigidae","Bubo","virginianus"
"351","676","03760","Strigiformes","Strigidae","Bubo","scandiacus"
"352","677","03770","Strigiformes","Strigidae","Surnia","ulula"
"353","678","03790","Strigiformes","Strigidae","Glaucidium","gnoma"
"354","682","03800","Strigiformes","Strigidae","Glaucidium","brasilianum"
"355","683","03810","Strigiformes","Strigidae","Micrathene","whitneyi"
"356","684","03780","Strigiformes","Strigidae","Athene","cunicularia"
"357","687","03690","Strigiformes","Strigidae","Strix","occidentalis"
"358","688","03680","Strigiformes","Strigidae","Strix","varia"
"359","690","03700","Strigiformes","Strigidae","Strix","nebulosa"
"360","691","03660","Strigiformes","Strigidae","Asio","otus"
"361","693","03670","Strigiformes","Strigidae","Asio","flammeus"
"362","695","03710","Strigiformes","Strigidae","Aegolius","funereus"
"363","696","03720","Strigiformes","Strigidae","Aegolius","acadicus"
"364","703","03890","Trogoniformes","Trogonidae","Trogon","elegans"
"365","716","03901","Coraciiformes","Alcedinidae","Megaceryle","torquata"
"366","717","03900","Coraciiformes","Alcedinidae","Megaceryle","alcyon"
"367","720","03910","Coraciiformes","Alcedinidae","Chloroceryle","americana"
"368","728","04080","Piciformes","Picidae","Melanerpes","lewis"
"369","729","04060","Piciformes","Picidae","Melanerpes","erythrocephalus"
"370","730","04070","Piciformes","Picidae","Melanerpes","formicivorus"
"371","735","04110","Piciformes","Picidae","Melanerpes","uropygialis"
"372","736","04100","Piciformes","Picidae","Melanerpes","aurifrons"
"373","737","04090","Piciformes","Picidae","Melanerpes","carolinus"
"374","738","04040","Piciformes","Picidae","Sphyrapicus","thyroideus"
"375","739","04020","Piciformes","Picidae","Sphyrapicus","varius"
"376","740","04021","Piciformes","Picidae","Sphyrapicus","nuchalis"
"377","741","04030","Piciformes","Picidae","Sphyrapicus","ruber"
"378","742","04022","Piciformes","Picidae","Sphyrapicus","sp."
"379","743","04010","Piciformes","Picidae","Picoides","dorsalis"
"380","744","04000","Piciformes","Picidae","Picoides","arcticus"
"381","746","03940","Piciformes","Picidae","Dryobates","pubescens"
"382","747","03970","Piciformes","Picidae","Dryobates","nuttallii"
"383","748","03960","Piciformes","Picidae","Dryobates","scalaris"
"384","749","03950","Piciformes","Picidae","Dryobates","borealis"
"385","750","03930","Piciformes","Picidae","Dryobates","villosus"
"386","751","03990","Piciformes","Picidae","Dryobates","albolarvatus"
"387","753","03975","Piciformes","Picidae","Dryobates","arizonae"
"388","757","04123","Piciformes","Picidae","Colaptes","auratus"
"389","758","04120","Piciformes","Picidae","Colaptes","auratusauratus"
"390","759","04130","Piciformes","Picidae","Colaptes","auratuscafer"
"391","760","04125","Piciformes","Picidae","Colaptes","auratusauratusxauratuscafer"
"392","761","04140","Piciformes","Picidae","Colaptes","chrysoides"
"393","764","04050","Piciformes","Picidae","Dryocopus","pileatus"
"394","766","03920","Piciformes","Picidae","Woodpecker","sp."
"395","771","03620","Falconiformes","Falconidae","Caracara","cheriway"
"396","773","03600","Falconiformes","Falconidae","Falco","sparverius"
"397","775","03570","Falconiformes","Falconidae","Falco","columbarius"
"398","777","03590","Falconiformes","Falconidae","Falco","femoralis"
"399","780","03540","Falconiformes","Falconidae","Falco","rusticolus"
"400","781","03560","Falconiformes","Falconidae","Falco","peregrinus"
"401","782","03550","Falconiformes","Falconidae","Falco","mexicanus"
"402","783","03824","Psittaciformes","Psittacidae","Myiopsitta","monachus"
"403","786","51830","Psittaciformes","Psittacidae","Aratinga","nenday"
"404","800","03827","Psittaciformes","Psittacidae","Brotogeris","versicolurus/chiriri"
"405","801","52021","Psittaciformes","Psittacidae","Brotogeris","chiriri"
"406","806","03826","Psittaciformes","Psittacidae","Amazona","viridigenalis"
"407","813","03823","Psittaciformes","Psittaculidae","Psittacula","krameri"
"408","815","03822","Psittaciformes","Psittaculidae","Melopsittacus","undulatus"
"409","860","04411","Passeriformes","Tityridae","Pachyramphus","aglaiae"
"410","873","04720","Passeriformes","Tyrannidae","Camptostoma","imberbe"
"411","883","04550","Passeriformes","Tyrannidae","Myiarchus","tuberculifer"
"412","884","04540","Passeriformes","Tyrannidae","Myiarchus","cinerascens"
"413","886","04520","Passeriformes","Tyrannidae","Myiarchus","crinitus"
"414","887","04530","Passeriformes","Tyrannidae","Myiarchus","tyrannulus"
"415","890","04490","Passeriformes","Tyrannidae","Pitangus","sulphuratus"
"416","894","04510","Passeriformes","Tyrannidae","Myiodynastes","luteiventris"
"417","898","04460","Passeriformes","Tyrannidae","Tyrannus","melancholicus"
"418","899","04461","Passeriformes","Tyrannidae","Tyrannus","couchii"
"419","900","04462","Passeriformes","Tyrannidae","Tyrannus","melancholicus/couchii"
"420","901","04480","Passeriformes","Tyrannidae","Tyrannus","vociferans"
"421","902","04451","Passeriformes","Tyrannidae","Tyrannus","crassirostris"
"422","903","04470","Passeriformes","Tyrannidae","Tyrannus","verticalis"
"423","904","04447","Passeriformes","Tyrannidae","Tyrannus","vociferans/verticalis"
"424","905","04440","Passeriformes","Tyrannidae","Tyrannus","tyrannus"
"425","906","04450","Passeriformes","Tyrannidae","Tyrannus","dominicensis"
"426","908","04430","Passeriformes","Tyrannidae","Tyrannus","forficatus"
"427","909","04420","Passeriformes","Tyrannidae","Tyrannus","savana"
"428","913","04590","Passeriformes","Tyrannidae","Contopus","cooperi"
"429","914","04600","Passeriformes","Tyrannidae","Contopus","pertinax"
"430","915","04620","Passeriformes","Tyrannidae","Contopus","sordidulus"
"431","916","04610","Passeriformes","Tyrannidae","Contopus","virens"
"432","919","04630","Passeriformes","Tyrannidae","Empidonax","flaviventris"
"433","920","04650","Passeriformes","Tyrannidae","Empidonax","virescens"
"434","921","04661","Passeriformes","Tyrannidae","Empidonax","alnorum"
"435","922","04660","Passeriformes","Tyrannidae","Empidonax","traillii"
"436","923","04665","Passeriformes","Tyrannidae","Empidonax","alnorum/traillii"
"437","925","04670","Passeriformes","Tyrannidae","Empidonax","minimus"
"438","926","04680","Passeriformes","Tyrannidae","Empidonax","hammondii"
"439","927","04691","Passeriformes","Tyrannidae","Empidonax","wrightii"
"440","928","04690","Passeriformes","Tyrannidae","Empidonax","oberholseri"
"441","929","04689","Passeriformes","Tyrannidae","Empidonax","hammondii/oberholseri"
"442","931","04641","Passeriformes","Tyrannidae","Empidonax","difficilis"
"443","932","04640","Passeriformes","Tyrannidae","Empidonax","occidentalis"
"444","933","04642","Passeriformes","Tyrannidae","Empidonax","difficilis/occidentalis"
"445","935","04700","Passeriformes","Tyrannidae","Empidonax","fulvifrons"
"446","936","04679","Passeriformes","Tyrannidae","Empidonax","sp."
"447","937","04580","Passeriformes","Tyrannidae","Sayornis","nigricans"
"448","938","04560","Passeriformes","Tyrannidae","Sayornis","phoebe"
"449","939","04570","Passeriformes","Tyrannidae","Sayornis","saya"
"450","940","04710","Passeriformes","Tyrannidae","Pyrocephalus","rubinus"
"451","942","06220","Passeriformes","Laniidae","Lanius","ludovicianus"
"452","943","06210","Passeriformes","Laniidae","Lanius","borealis"
"453","951","06300","Passeriformes","Vireonidae","Vireo","atricapilla"
"454","953","06310","Passeriformes","Vireonidae","Vireo","griseus"
"455","958","06330","Passeriformes","Vireonidae","Vireo","bellii"
"456","959","06340","Passeriformes","Vireonidae","Vireo","vicinior"
"457","960","06320","Passeriformes","Vireonidae","Vireo","huttoni"
"458","961","06280","Passeriformes","Vireonidae","Vireo","flavifrons"
"459","962","06291","Passeriformes","Vireonidae","Vireo","cassinii"
"460","963","06290","Passeriformes","Vireonidae","Vireo","solitarius"
"461","964","06295","Passeriformes","Vireonidae","Vireo","cassinii/solitarius"
"462","965","06292","Passeriformes","Vireonidae","Vireo","plumbeus"
"463","966","06296","Passeriformes","Vireonidae","Vireo","plumbeus/cassinii"
"464","967","06260","Passeriformes","Vireonidae","Vireo","philadelphicus"
"465","968","06270","Passeriformes","Vireonidae","Vireo","gilvus"
"466","970","06240","Passeriformes","Vireonidae","Vireo","olivaceus"
"467","972","06230","Passeriformes","Vireonidae","Vireo","altiloquus"
"468","974","04840","Passeriformes","Corvidae","Perisoreus","canadensis"
"469","983","04830","Passeriformes","Corvidae","Cyanocorax","yncas"
"470","987","04920","Passeriformes","Corvidae","Gymnorhinus","cyanocephalus"
"471","988","04780","Passeriformes","Corvidae","Cyanocitta","stelleri"
"472","989","04770","Passeriformes","Corvidae","Cyanocitta","cristata"
"473","990","04790","Passeriformes","Corvidae","Aphelocoma","coerulescens"
"474","991","04811","Passeriformes","Corvidae","Aphelocoma","insularis"
"475","992","04812","Passeriformes","Corvidae","Aphelocoma","californica"
"476","993","04813","Passeriformes","Corvidae","Aphelocoma","woodhouseii"
"477","994","04810","Passeriformes","Corvidae","Aphelocoma","californica/woodhouseii"
"478","996","04820","Passeriformes","Corvidae","Aphelocoma","wollweberi"
"479","998","04910","Passeriformes","Corvidae","Nucifraga","columbiana"
"480","999","04750","Passeriformes","Corvidae","Pica","hudsonia"
"481","1000","04760","Passeriformes","Corvidae","Pica","nuttalli"
"482","1002","04880","Passeriformes","Corvidae","Corvus","brachyrhynchos"
"483","1003","04890","Passeriformes","Corvidae","Corvus","caurinus"
"484","1006","04900","Passeriformes","Corvidae","Corvus","ossifragus"
"485","1007","04881","Passeriformes","Corvidae","Corvus","brachyrhynchos/ossifragus"
"486","1008","04882","Passeriformes","Corvidae","Corvus","brachyrhynchos/caurinus"
"487","1009","04870","Passeriformes","Corvidae","Corvus","cryptoleucus"
"488","1010","04860","Passeriformes","Corvidae","Corvus","corax"
"489","1011","04865","Passeriformes","Corvidae","Corvus","cryptoleucus/corax"
"490","1012","04730","Passeriformes","Alaudidae","Alauda","arvensis"
"491","1013","04740","Passeriformes","Alaudidae","Eremophila","alpestris"
"492","1014","06160","Passeriformes","Hirundinidae","Riparia","riparia"
"493","1015","06140","Passeriformes","Hirundinidae","Tachycineta","bicolor"
"494","1017","06150","Passeriformes","Hirundinidae","Tachycineta","thalassina"
"495","1021","06170","Passeriformes","Hirundinidae","Stelgidopteryx","serripennis"
"496","1024","06110","Passeriformes","Hirundinidae","Progne","subis"
"497","1029","06130","Passeriformes","Hirundinidae","Hirundo","rustica"
"498","1031","06120","Passeriformes","Hirundinidae","Petrochelidon","pyrrhonota"
"499","1032","06121","Passeriformes","Hirundinidae","Petrochelidon","fulva"
"500","1033","06122","Passeriformes","Hirundinidae","Petrochelidon","pyrrhonota/fulva"
"501","1034","07360","Passeriformes","Paridae","Poecile","carolinensis"
"502","1035","07350","Passeriformes","Paridae","Poecile","atricapillus"
"503","1036","07380","Passeriformes","Paridae","Poecile","gambeli"
"504","1037","07370","Passeriformes","Paridae","Poecile","sclateri"
"505","1038","07410","Passeriformes","Paridae","Poecile","rufescens"
"506","1039","07400","Passeriformes","Paridae","Poecile","hudsonicus"
"507","1041","07352","Passeriformes","Paridae","Poecile","carolinensis/atricapillus"
"508","1042","07353","Passeriformes","Paridae","Poecile","atricapillus/gambeli"
"509","1043","07354","Passeriformes","Paridae","Poecile","atricapillus/hudsonicus"
"510","1044","07351","Passeriformes","Paridae","Poecile","sp."
"511","1045","07340","Passeriformes","Paridae","Baeolophus","wollweberi"
"512","1046","07330","Passeriformes","Paridae","Baeolophus","inornatus"
"513","1047","07331","Passeriformes","Paridae","Baeolophus","ridgwayi"
"514","1048","07332","Passeriformes","Paridae","Baeolophus","inornatus/ridgwayi"
"515","1049","07310","Passeriformes","Paridae","Baeolophus","bicolor"
"516","1050","07320","Passeriformes","Paridae","Baeolophus","atricristatus"
"517","1051","07315","Passeriformes","Paridae","Baeolophus","bicolor/atricristatus"
"518","1052","07460","Passeriformes","Remizidae","Auriparus","flaviceps"
"519","1053","07430","Passeriformes","Aegithalidae","Psaltriparus","minimus"
"520","1054","07280","Passeriformes","Sittidae","Sitta","canadensis"
"521","1055","07270","Passeriformes","Sittidae","Sitta","carolinensis"
"522","1056","07300","Passeriformes","Sittidae","Sitta","pygmaea"
"523","1057","07290","Passeriformes","Sittidae","Sitta","pusilla"
"524","1058","07260","Passeriformes","Certhiidae","Certhia","americana"
"525","1059","07150","Passeriformes","Troglodytidae","Salpinctes","obsoletus"
"526","1061","07170","Passeriformes","Troglodytidae","Catherpes","mexicanus"
"527","1064","07210","Passeriformes","Troglodytidae","Troglodytes","aedon"
"528","1068","07221","Passeriformes","Troglodytidae","Troglodytes","pacificus"
"529","1069","07222","Passeriformes","Troglodytidae","Troglodytes","hiemalis"
"530","1070","07220","Passeriformes","Troglodytidae","Troglodytes","pacificus/hiemalis"
"531","1071","07240","Passeriformes","Troglodytidae","Cistothorus","platensis"
"532","1072","07250","Passeriformes","Troglodytidae","Cistothorus","palustris"
"533","1073","07180","Passeriformes","Troglodytidae","Thryothorus","ludovicianus"
"534","1074","07190","Passeriformes","Troglodytidae","Thryomanes","bewickii"
"535","1082","07130","Passeriformes","Troglodytidae","Campylorhynchus","brunneicapillus"
"536","1086","16600","Passeriformes","Troglodytidae","Thryophilus","sinaloa"
"537","1093","07510","Passeriformes","Polioptilidae","Polioptila","caerulea"
"538","1094","07530","Passeriformes","Polioptilidae","Polioptila","californica"
"539","1095","07520","Passeriformes","Polioptilidae","Polioptila","melanura"
"540","1096","07539","Passeriformes","Polioptilidae","Polioptila","caerulea/melanura"
"541","1101","07010","Passeriformes","Cinclidae","Cinclus","mexicanus"
"542","1104","07480","Passeriformes","Regulidae","Regulus","satrapa"
"543","1105","07490","Passeriformes","Regulidae","Regulus","calendula"
"544","1112","07470","Passeriformes","Phylloscopidae","Phylloscopus","borealis"
"545","1115","07420","Passeriformes","Sylviidae","Chamaea","fasciata"
"546","1126","07640","Passeriformes","Muscicapidae","Cyanecula","svecica"
"547","1134","07650","Passeriformes","Muscicapidae","Oenanthe","oenanthe"
"548","1135","07660","Passeriformes","Turdidae","Sialia","sialis"
"549","1136","07670","Passeriformes","Turdidae","Sialia","mexicana"
"550","1137","07680","Passeriformes","Turdidae","Sialia","currucoides"
"551","1138","07540","Passeriformes","Turdidae","Myadestes","townsendi"
"552","1146","07560","Passeriformes","Turdidae","Catharus","fuscescens"
"553","1147","07570","Passeriformes","Turdidae","Catharus","minimus"
"554","1148","07571","Passeriformes","Turdidae","Catharus","bicknelli"
"555","1149","07580","Passeriformes","Turdidae","Catharus","ustulatus"
"556","1150","07590","Passeriformes","Turdidae","Catharus","guttatus"
"557","1151","07550","Passeriformes","Turdidae","Hylocichla","mustelina"
"558","1160","07621","Passeriformes","Turdidae","Turdus","grayi"
"559","1164","07610","Passeriformes","Turdidae","Turdus","migratorius"
"560","1166","07630","Passeriformes","Turdidae","Ixoreus","naevius"
"561","1171","07040","Passeriformes","Mimidae","Dumetella","carolinensis"
"562","1172","07070","Passeriformes","Mimidae","Toxostoma","curvirostre"
"563","1174","07050","Passeriformes","Mimidae","Toxostoma","rufum"
"564","1175","07060","Passeriformes","Mimidae","Toxostoma","longirostre"
"565","1177","07080","Passeriformes","Mimidae","Toxostoma","bendirei"
"566","1179","07100","Passeriformes","Mimidae","Toxostoma","redivivum"
"567","1180","07110","Passeriformes","Mimidae","Toxostoma","lecontei"
"568","1181","07120","Passeriformes","Mimidae","Toxostoma","crissale"
"569","1182","07020","Passeriformes","Mimidae","Oreoscoptes","montanus"
"570","1183","07031","Passeriformes","Mimidae","Mimus","gundlachii"
"571","1186","07030","Passeriformes","Mimidae","Mimus","polyglottos"
"572","1187","04930","Passeriformes","Sturnidae","Sturnus","vulgaris"
"573","1188","04932","Passeriformes","Sturnidae","Acridotheres","tristis"
"574","1189","06180","Passeriformes","Bombycillidae","Bombycilla","garrulus"
"575","1190","06190","Passeriformes","Bombycillidae","Bombycilla","cedrorum"
"576","1191","06185","Passeriformes","Bombycillidae","Bombycilla","garrulus/cedrorum"
"577","1193","06200","Passeriformes","Ptiliogonatidae","Phainopepla","nitens"
"578","1194","06510","Passeriformes","Peucedramidae","Peucedramus","taeniatus"
"579","1196","19500","Passeriformes","Ploceidae","Euplectes","franciscanus"
"580","1197","19510","Passeriformes","Viduidae","Vidua","macroura"
"581","1198","08110","Passeriformes","Estrildidae","Lonchura","punctulata"
"582","1201","06882","Passeriformes","Passeridae","Passer","domesticus"
"583","1202","06883","Passeriformes","Passeridae","Passer","montanus"
"584","1203","06960","Passeriformes","Motacillidae","Motacilla","tschutschensis"
"585","1206","06940","Passeriformes","Motacillidae","Motacilla","alba"
"586","1210","06990","Passeriformes","Motacillidae","Anthus","cervinus"
"587","1211","06970","Passeriformes","Motacillidae","Anthus","rubescens"
"588","1212","07000","Passeriformes","Motacillidae","Anthus","spragueii"
"589","1222","05140","Passeriformes","Fringillidae","Coccothraustes","vespertinus"
"590","1225","05150","Passeriformes","Fringillidae","Pinicola","enucleator"
"591","1228","05240","Passeriformes","Fringillidae","Leucosticte","tephrocotis"
"592","1229","05250","Passeriformes","Fringillidae","Leucosticte","atrata"
"593","1230","05260","Passeriformes","Fringillidae","Leucosticte","australis"
"594","1231","05190","Passeriformes","Fringillidae","Haemorhous","mexicanus"
"595","1232","05170","Passeriformes","Fringillidae","Haemorhous","purpureus"
"596","1233","05180","Passeriformes","Fringillidae","Haemorhous","cassinii"
"597","1234","05195","Passeriformes","Fringillidae","Carpodacus","purpureus/cassinii/mexicanus"
"598","1237","05280","Passeriformes","Fringillidae","Acanthis","flammea"
"599","1238","05270","Passeriformes","Fringillidae","Acanthis","hornemanni"
"600","1239","05275","Passeriformes","Fringillidae","Carduelis","flammea/hornemanni"
"601","1240","05210","Passeriformes","Fringillidae","Loxia","curvirostra"
"602","1242","05212","Passeriformes","Fringillidae","Loxia","sinesciuris/curvirostra"
"603","1243","05220","Passeriformes","Fringillidae","Loxia","leucoptera"
"604","1244","05225","Passeriformes","Fringillidae","Loxia","curvirostra/leucoptera"
"605","1245","05261","Passeriformes","Fringillidae","Carduelis","carduelis"
"606","1247","05330","Passeriformes","Fringillidae","Spinus","pinus"
"607","1250","05300","Passeriformes","Fringillidae","Spinus","psaltria"
"608","1251","05310","Passeriformes","Fringillidae","Spinus","lawrencei"
"609","1252","05290","Passeriformes","Fringillidae","Spinus","tristis"
"610","1253","05360","Passeriformes","Calcariidae","Calcarius","lapponicus"
"611","1254","05380","Passeriformes","Calcariidae","Calcarius","ornatus"
"612","1255","05370","Passeriformes","Calcariidae","Calcarius","pictus"
"613","1256","05390","Passeriformes","Calcariidae","Rhynchophanes","mccownii"
"614","1257","05340","Passeriformes","Calcariidae","Plectrophenax","nivalis"
"615","1270","05790","Passeriformes","Passerellidae","Peucaea","carpalis"
"616","1275","05760","Passeriformes","Passerellidae","Peucaea","botterii"
"617","1276","05780","Passeriformes","Passerellidae","Peucaea","cassinii"
"618","1277","05750","Passeriformes","Passerellidae","Peucaea","aestivalis"
"619","1278","05460","Passeriformes","Passerellidae","Ammodramus","savannarum"
"620","1279","05860","Passeriformes","Passerellidae","Arremonops","rufivirgatus"
"621","1282","05730","Passeriformes","Passerellidae","Amphispiza","bilineata"
"622","1283","05520","Passeriformes","Passerellidae","Chondestes","grammacus"
"623","1284","06050","Passeriformes","Passerellidae","Calamospiza","melanocorys"
"624","1285","05600","Passeriformes","Passerellidae","Spizella","passerina"
"625","1286","05610","Passeriformes","Passerellidae","Spizella","pallida"
"626","1287","05650","Passeriformes","Passerellidae","Spizella","atrogularis"
"627","1288","05630","Passeriformes","Passerellidae","Spizella","pusilla"
"628","1289","05620","Passeriformes","Passerellidae","Spizella","breweri"
"629","1294","05850","Passeriformes","Passerellidae","Passerella","iliaca"
"630","1295","05590","Passeriformes","Passerellidae","Spizelloides","arborea"
"631","1297","05670","Passeriformes","Passerellidae","Junco","hyemalishyemalis"
"632","1298","05671","Passeriformes","Passerellidae","Junco","hyemalisoreganus"
"633","1299","05680","Passeriformes","Passerellidae","Junco","hyemalismearnsi"
"634","1300","05660","Passeriformes","Passerellidae","Junco","hyemalisaikeni"
"635","1301","05690","Passeriformes","Passerellidae","Junco","hyemaliscaniceps"
"636","1302","05677","Passeriformes","Passerellidae","Junco","hyemalis"
"637","1303","05700","Passeriformes","Passerellidae","Junco","phaeonotus"
"638","1306","05540","Passeriformes","Passerellidae","Zonotrichia","leucophrys"
"639","1307","05570","Passeriformes","Passerellidae","Zonotrichia","atricapilla"
"640","1308","05530","Passeriformes","Passerellidae","Zonotrichia","querula"
"641","1309","05580","Passeriformes","Passerellidae","Zonotrichia","albicollis"
"642","1310","05738","Passeriformes","Passerellidae","Artemisiospiza","nevadensis"
"643","1311","05739","Passeriformes","Passerellidae","Artemisiospiza","belli"
"644","1312","05740","Passeriformes","Passerellidae","Artemisiospiza","nevadensis/belli"
"645","1314","05400","Passeriformes","Passerellidae","Pooecetes","gramineus"
"646","1315","05480","Passeriformes","Passerellidae","Ammospiza","leconteii"
"647","1316","05500","Passeriformes","Passerellidae","Ammospiza","maritima"
"648","1317","05491","Passeriformes","Passerellidae","Ammospiza","nelsoni"
"649","1318","05490","Passeriformes","Passerellidae","Ammospiza","caudacuta"
"650","1319","05450","Passeriformes","Passerellidae","Centronyx","bairdii"
"651","1320","05470","Passeriformes","Passerellidae","Centronyx","henslowii"
"652","1321","05420","Passeriformes","Passerellidae","Passerculus","sandwichensis"
"653","1323","05810","Passeriformes","Passerellidae","Melospiza","melodia"
"654","1324","05830","Passeriformes","Passerellidae","Melospiza","lincolnii"
"655","1325","05840","Passeriformes","Passerellidae","Melospiza","georgiana"
"656","1327","05910","Passeriformes","Passerellidae","Melozone","fusca"
"657","1329","05920","Passeriformes","Passerellidae","Melozone","aberti"
"658","1330","05911","Passeriformes","Passerellidae","Melozone","crissalis"
"659","1334","05800","Passeriformes","Passerellidae","Aimophila","ruficeps"
"660","1336","05900","Passeriformes","Passerellidae","Pipilo","chlorurus"
"661","1337","05880","Passeriformes","Passerellidae","Pipilo","maculatus"
"662","1338","05870","Passeriformes","Passerellidae","Pipilo","erythrophthalmus"
"663","1339","05871","Passeriformes","Passerellidae","Pipilo","maculatus/erythrophthalmus"
"664","1344","06830","Passeriformes","Icteriidae","Icteria","virens"
"665","1345","04970","Passeriformes","Icteridae","Xanthocephalus","xanthocephalus"
"666","1346","04940","Passeriformes","Icteridae","Dolichonyx","oryzivorus"
"667","1347","05010","Passeriformes","Icteridae","Sturnella","magna"
"668","1348","05011","Passeriformes","Icteridae","Sturnella","neglecta"
"669","1349","05012","Passeriformes","Icteridae","Sturnella","magna/neglecta"
"670","1357","05060","Passeriformes","Icteridae","Icterus","spurius"
"671","1358","05050","Passeriformes","Icteridae","Icterus","cucullatus"
"672","1362","05080","Passeriformes","Icteridae","Icterus","bullockii"
"673","1364","05032","Passeriformes","Icteridae","Icterus","pectoralis"
"674","1365","05031","Passeriformes","Icteridae","Icterus","gularis"
"675","1366","05030","Passeriformes","Icteridae","Icterus","graduacauda"
"676","1367","05070","Passeriformes","Icteridae","Icterus","galbula"
"677","1368","05078","Passeriformes","Icteridae","Icterus","bullockiixgalbula"
"678","1369","05077","Passeriformes","Icteridae","Icterus","bullockii/galbula"
"679","1371","05040","Passeriformes","Icteridae","Icterus","parisorum"
"680","1372","04980","Passeriformes","Icteridae","Agelaius","phoeniceus"
"681","1373","05000","Passeriformes","Icteridae","Agelaius","tricolor"
"682","1375","04961","Passeriformes","Icteridae","Molothrus","bonariensis"
"683","1376","04960","Passeriformes","Icteridae","Molothrus","aeneus"
"684","1377","04950","Passeriformes","Icteridae","Molothrus","ater"
"685","1378","04955","Passeriformes","Icteridae","Molothrus","aeneus/ater"
"686","1381","05090","Passeriformes","Icteridae","Euphagus","carolinus"
"687","1382","05100","Passeriformes","Icteridae","Euphagus","cyanocephalus"
"688","1383","05110","Passeriformes","Icteridae","Quiscalus","quiscula"
"689","1384","05130","Passeriformes","Icteridae","Quiscalus","major"
"690","1385","05120","Passeriformes","Icteridae","Quiscalus","mexicanus"
"691","1386","05135","Passeriformes","Icteridae","Quiscalus","major/mexicanus"
"692","1387","06740","Passeriformes","Parulidae","Seiurus","aurocapilla"
"693","1388","06390","Passeriformes","Parulidae","Helmitheros","vermivorum"
"694","1389","06760","Passeriformes","Parulidae","Parkesia","motacilla"
"695","1390","06750","Passeriformes","Parulidae","Parkesia","noveboracensis"
"696","1391","06420","Passeriformes","Parulidae","Vermivora","chrysoptera"
"697","1392","06410","Passeriformes","Parulidae","Vermivora","cyanoptera"
"698","1393","06412","Passeriformes","Parulidae","Vermivora","cyanopteraxchrysoptera"
"699","1394","06413","Passeriformes","Parulidae","Vermivora","chrysopteraxcyanoptera"
"700","1395","06360","Passeriformes","Parulidae","Mniotilta","varia"
"701","1396","06370","Passeriformes","Parulidae","Protonotaria","citrea"
"702","1397","06380","Passeriformes","Parulidae","Limnothlypis","swainsonii"
"703","1399","06470","Passeriformes","Parulidae","Leiothlypis","peregrina"
"704","1400","06460","Passeriformes","Parulidae","Leiothlypis","celata"
"705","1402","06430","Passeriformes","Parulidae","Leiothlypis","luciae"
"706","1403","06450","Passeriformes","Parulidae","Leiothlypis","ruficapilla"
"707","1404","06440","Passeriformes","Parulidae","Leiothlypis","virginiae"
"708","1405","06780","Passeriformes","Parulidae","Oporornis","agilis"
"709","1407","06800","Passeriformes","Parulidae","Geothlypis","tolmiei"
"710","1408","06790","Passeriformes","Parulidae","Geothlypis","philadelphia"
"711","1409","06770","Passeriformes","Parulidae","Geothlypis","formosa"
"712","1413","06810","Passeriformes","Parulidae","Geothlypis","trichas"
"713","1415","06840","Passeriformes","Parulidae","Setophaga","citrina"
"714","1416","06870","Passeriformes","Parulidae","Setophaga","ruticilla"
"715","1417","06700","Passeriformes","Parulidae","Setophaga","kirtlandii"
"716","1418","06500","Passeriformes","Parulidae","Setophaga","tigrina"
"717","1419","06580","Passeriformes","Parulidae","Setophaga","cerulea"
"718","1420","06480","Passeriformes","Parulidae","Setophaga","americana"
"719","1421","06490","Passeriformes","Parulidae","Setophaga","pitiayumi"
"720","1422","06570","Passeriformes","Parulidae","Setophaga","magnolia"
"721","1423","06600","Passeriformes","Parulidae","Setophaga","castanea"
"722","1424","06620","Passeriformes","Parulidae","Setophaga","fusca"
"723","1425","06520","Passeriformes","Parulidae","Setophaga","petechia"
"724","1426","06590","Passeriformes","Parulidae","Setophaga","pensylvanica"
"725","1427","06610","Passeriformes","Parulidae","Setophaga","striata"
"726","1428","06540","Passeriformes","Parulidae","Setophaga","caerulescens"
"727","1429","06720","Passeriformes","Parulidae","Setophaga","palmarum"
"728","1430","06710","Passeriformes","Parulidae","Setophaga","pinus"
"729","1431","06550","Passeriformes","Parulidae","Setophaga","coronatacoronata"
"730","1432","06560","Passeriformes","Parulidae","Setophaga","coronataaudoboni"
"731","1433","06556","Passeriformes","Parulidae","Setophaga","coronata"
"732","1434","06630","Passeriformes","Parulidae","Setophaga","dominica"
"733","1435","06730","Passeriformes","Parulidae","Setophaga","discolor"
"734","1436","06640","Passeriformes","Parulidae","Setophaga","graciae"
"735","1437","06650","Passeriformes","Parulidae","Setophaga","nigrescens"
"736","1438","06680","Passeriformes","Parulidae","Setophaga","townsendi"
"737","1439","06690","Passeriformes","Parulidae","Setophaga","occidentalis"
"738","1440","06686","Passeriformes","Parulidae","Setophaga","townsendixoccidentalis"
"739","1441","06685","Passeriformes","Parulidae","Setophaga","townsendi/occidentalis"
"740","1442","06660","Passeriformes","Parulidae","Setophaga","chrysoparia"
"741","1443","06670","Passeriformes","Parulidae","Setophaga","virens"
"742","1448","06860","Passeriformes","Parulidae","Cardellina","canadensis"
"743","1449","06850","Passeriformes","Parulidae","Cardellina","pusilla"
"744","1450","06900","Passeriformes","Parulidae","Cardellina","rubrifrons"
"745","1453","06880","Passeriformes","Parulidae","Myioborus","pictus"
"746","1456","06090","Passeriformes","Cardinalidae","Piranga","flava"
"747","1457","06100","Passeriformes","Cardinalidae","Piranga","rubra"
"748","1458","06080","Passeriformes","Cardinalidae","Piranga","olivacea"
"749","1459","06070","Passeriformes","Cardinalidae","Piranga","ludoviciana"
"750","1467","05930","Passeriformes","Cardinalidae","Cardinalis","cardinalis"
"751","1468","05940","Passeriformes","Cardinalidae","Cardinalis","sinuatus"
"752","1469","05935","Passeriformes","Cardinalidae","Cardinalis","cardinalis/sinuatus"
"753","1471","05950","Passeriformes","Cardinalidae","Pheucticus","ludovicianus"
"754","1472","05960","Passeriformes","Cardinalidae","Pheucticus","melanocephalus"
"755","1478","05970","Passeriformes","Cardinalidae","Passerina","caerulea"
"756","1479","05990","Passeriformes","Cardinalidae","Passerina","amoena"
"757","1480","05980","Passeriformes","Cardinalidae","Passerina","cyanea"
"758","1481","05986","Passeriformes","Cardinalidae","Passerina","amoenaxcyanea"
"759","1484","06000","Passeriformes","Cardinalidae","Passerina","versicolor"
"760","1485","06010","Passeriformes","Cardinalidae","Passerina","ciris"
"761","1486","06040","Passeriformes","Cardinalidae","Spiza","americana"
